{
  "auc": 0.9157036237001341,
  "f1": 0.9176178660049628,
  "ap": 0.9768801274175591,
  "prec": 0.9085995085995086,
  "rec": 0.9268170426065163,
  "auc_ci": [
    0.9053695742466974,
    0.9263630278682968
  ],
  "thr": 0.7092964824120603
}